Date,Sales,State
24-01-2018,47825.93439,  Haryana
25-01-2018,45622.14375,  Haryana
26-01-2018,45614.69062, Manipur
29-01-2018,45982.82288,Bihar
30-01-2018,46727.07994, Punjab
31-01-2018,49284.78467, Uttar Pradesh
02-01-2018,48074.73349, Uttar Pradesh
02-02-2018,51060.35644, Rajasthan
02-05-2018,56064.33804,  Maharashtra
02-06-2018,56109.44662,  Haryana
02-07-2018,48785.44865, Punjab
02-08-2018,52256.48285,  Haryana
02-09-2018,56261.26554, Punjab
02-12-2018,47441.01601, Manipur
13-02-2018,42782.23931,  Maharashtra
14-02-2018,47091.71902, Rajasthan
15-02-2018,46087.52543,  Haryana
16-02-2018,45141.00132,Bihar
20-02-2018,43839.13777,  Haryana
21-02-2018,44228.0454, Manipur
22-02-2018,43904.21392, Rajasthan
23-02-2018,43445.82834,  Maharashtra
26-02-2018,43319.27977, Manipur
27-02-2018,46500,  Haryana
28-02-2018,48835.84749,  Haryana
03-01-2018,49990.09902,  Maharashtra
03-02-2018,47869.40568, Uttar Pradesh
03-05-2018,45572.68919,  Maharashtra
03-06-2018,46183.54685, Punjab
03-07-2018,46889.33781, Punjab
03-08-2018,47725.67443, Rajasthan
03-09-2018,48062.97952,Bihar
03-12-2018,48109.04281,  Haryana
13-03-2018,49590.52329,  Haryana
14-03-2018,45966.83587,  Haryana
15-03-2018,44813.94872, Rajasthan
16-03-2018,55587.49859, Manipur
19-03-2018,48505.77285, Rajasthan
20-03-2018,44452.22154,Bihar
21-03-2018,44712.74986, Rajasthan
22-03-2018,48692.60724, Rajasthan
23-03-2018,49555.62531,Bihar
26-03-2018,48387.70505,  Haryana
27-03-2018,48450.79979,  Maharashtra
28-03-2018,50516.82888,Bihar
29-03-2018,50925.33751,Bihar
04-02-2018,49017.03785, Manipur
04-03-2018,48279.39519,  Maharashtra
04-04-2018,47556.07217, Punjab
04-05-2018,46400.7543,  Maharashtra
04-06-2018,48577.56684,  Maharashtra
04-09-2018,45707.98617, Rajasthan
04-10-2018,47455.4528,Bihar
04-11-2018,43383.06121, Uttar Pradesh
04-12-2018,45023.10518, Punjab
13-04-2018,42049.49465, Rajasthan
16-04-2018,42431.70984, Punjab
17-04-2018,43992.95398, Punjab
18-04-2018,43688.6713, Rajasthan
19-04-2018,44520.66936, Uttar Pradesh
20-04-2018,43990.45351, Manipur
23-04-2018,41766.9726,Bihar
24-04-2018,46414.11423,  Maharashtra
25-04-2018,45341.37184,Bihar
26-04-2018,46273.31845, Punjab
27-04-2018,45280.79063, Punjab
30-04-2018,44705.36881, Uttar Pradesh
05-01-2018,43962.02907,Bihar
05-02-2018,46452.77171, Uttar Pradesh
05-03-2018,48536.37811, Punjab
05-04-2018,45172.11529, Uttar Pradesh
05-07-2018,44166.16352, Manipur
05-08-2018,45507.9114,  Maharashtra
05-09-2018,47436.90546, Manipur
05-10-2018,47438.90808,  Haryana
05-11-2018,45665.63259,Bihar
14-05-2018,45671.10684,  Haryana
15-05-2018,46047.58408, Rajasthan
16-05-2018,45859.13213, Punjab
17-05-2018,44260.25305, Manipur
18-05-2018,44521.79242, Manipur
21-05-2018,44690.2674, Rajasthan
22-05-2018,43902.39173, Uttar Pradesh
23-05-2018,44688.81292,Bihar
24-05-2018,45116.07252,Bihar
25-05-2018,42094.53646, Rajasthan
29-05-2018,45775.32086, Manipur
30-05-2018,45368.49127, Rajasthan
31-05-2018,50332.49447,Bihar
06-01-2018,47035.41219,  Haryana
06-04-2018,46391.48629, Punjab
06-05-2018,45423.23194, Rajasthan
06-06-2018,46883.89916,Bihar
06-07-2018,48370.65226, Punjab
06-08-2018,44156.65295, Rajasthan
06-11-2018,44264.65859, Uttar Pradesh
06-12-2018,44943.18636, Manipur
13-06-2018,46881.01961, Punjab
14-06-2018,46836.20395, Uttar Pradesh
15-06-2018,55225.62811, Punjab
18-06-2018,45854.77074, Manipur
19-06-2018,47784.30705, Uttar Pradesh
20-06-2018,48129.20112,Bihar
21-06-2018,48473.08532, Punjab
22-06-2018,62899.12559,  Haryana
25-06-2018,49225.90781,  Haryana
26-06-2018,45484.83264, Rajasthan
27-06-2018,48162.74494,  Haryana
28-06-2018,46998.617,Bihar
29-06-2018,46998.08507, Manipur
07-02-2018,42164.91432, Rajasthan
07-03-2018,34226.0135, Rajasthan
07-05-2018,41889.02004, Rajasthan
07-06-2018,41456.00077, Manipur
07-09-2018,42946.94401, Rajasthan
07-10-2018,41656.09199,  Maharashtra
07-11-2018,42053.29951,  Haryana
07-12-2018,43941.21073, Manipur
13-07-2018,41563.20488,Bihar
16-07-2018,41705.63511, Uttar Pradesh
17-07-2018,41859.40754, Punjab
18-07-2018,43371.76501, Uttar Pradesh
19-07-2018,43431.55535, Punjab
20-07-2018,42385.4928, Punjab
23-07-2018,40844.46107,  Haryana
24-07-2018,44965.43117, Manipur
25-07-2018,44088.77408,  Maharashtra
26-07-2018,47847.36147,  Haryana
27-07-2018,46833.85528, Manipur
30-07-2018,46412.71378,  Haryana
31-07-2018,46995.85088,  Haryana
08-01-2018,47211.75701, Punjab
08-02-2018,45994.45619, Punjab
08-03-2018,45120.61613, Rajasthan
08-06-2018,47384.59665,  Haryana
08-07-2018,46972.33228, Rajasthan
08-08-2018,45805.02156, Uttar Pradesh
08-09-2018,45256.71221, Punjab
08-10-2018,45907.84247, Manipur
13-08-2018,43978.40379,Bihar
14-08-2018,44032.2609, Rajasthan
15-08-2018,47896.76398, Punjab
16-08-2018,44625.21709, Manipur
17-08-2018,43020.57647, Rajasthan
20-08-2018,41346.10018, Rajasthan
21-08-2018,42294.91695,  Haryana
22-08-2018,40856.33366, Uttar Pradesh
23-08-2018,43458.02573,  Maharashtra
24-08-2018,43508.50492,Bihar
27-08-2018,48309.31587, Manipur
28-08-2018,44500.22472, Rajasthan
29-08-2018,43702.17386,Bihar
30-08-2018,44974.65953,  Haryana
31-08-2018,43668.06614,  Haryana
09-04-2018,47315.00819,Bihar
09-05-2018,51017.74201,Bihar
09-06-2018,48737.87029,Bihar
09-07-2018,46464.28736,Bihar
09-10-2018,45336.85035, Punjab
09-11-2018,48426.02606,Bihar
09-12-2018,48706.46774,  Haryana
13-09-2018,48300.41408, Rajasthan
14-09-2018,45490.43856,  Maharashtra
17-09-2018,47995.83315, Punjab
18-09-2018,48252.04659, Rajasthan
19-09-2018,46558.78005, Manipur
20-09-2018,48026.86748, Punjab
21-09-2018,61072.82538,Bihar
24-09-2018,49328.08531,Bihar
25-09-2018,48256.19131, Uttar Pradesh
26-09-2018,48398.03715, Uttar Pradesh
27-09-2018,45540.42161, Punjab
28-09-2018,48395.45433, Punjab
10-01-2018,47953.31063, Rajasthan
10-02-2018,49160.96012,Bihar
10-03-2018,55638.38603,  Haryana
10-04-2018,57469.03514, Uttar Pradesh
10-05-2018,51955.4617, Rajasthan
10-08-2018,47532.09442,Bihar
10-09-2018,49663.2661, Rajasthan
10-10-2018,55782.43451, Uttar Pradesh
10-11-2018,56165.11373, Punjab
10-12-2018,51712.76438, Uttar Pradesh
15-10-2018,46551.04725,  Maharashtra
16-10-2018,51378.59476,  Maharashtra
17-10-2018,48837.17846,  Maharashtra
18-10-2018,50675.2405, Punjab
19-10-2018,50475.63769, Manipur
22-10-2018,47968.84406,  Maharashtra
23-10-2018,52459.60351,  Haryana
24-10-2018,54401.8382, Punjab
25-10-2018,52802.36737,  Maharashtra
26-10-2018,54511.74185, Manipur
29-10-2018,52075.90614, Rajasthan
30-10-2018,51954.01813,Bihar
31-10-2018,54026.66009,  Maharashtra
11-01-2018,52237.5344, Uttar Pradesh
11-02-2018,53848.58401,  Haryana
11-05-2018,46757.99397, Rajasthan
11-06-2018,47967.90594,  Maharashtra
11-07-2018,51840.23534, Uttar Pradesh
11-08-2018,49750.97989,Bihar
11-09-2018,49262.05436, Rajasthan
11-12-2018,48013.9563, Manipur
13-11-2018,48592.59203, Punjab
14-11-2018,50657.77334, Punjab
15-11-2018,50234.45033,  Haryana
16-11-2018,49668.70242, Punjab
19-11-2018,48799.89754, Uttar Pradesh
20-11-2018,51693.81007,  Maharashtra
21-11-2018,43218.51455, Punjab
23-11-2018,30966.91783, Uttar Pradesh
26-11-2018,45132.13932, Punjab
27-11-2018,45571.81146,Bihar
28-11-2018,49123.51779,Bihar
29-11-2018,44924.26961, Punjab
30-11-2018,50477.42069, Rajasthan
12-03-2018,51411.57457,Bihar
12-04-2018,51533.67831,  Haryana
12-06-2018,53456.99206, Punjab
12-07-2018,50046.77812, Manipur
12-10-2018,48788.01082, Manipur
12-11-2018,47820.60225, Uttar Pradesh
12-12-2018,49265.40368, Uttar Pradesh
13-12-2018,46499.56989, Manipur
14-12-2018,47099.15074, Rajasthan
17-12-2018,51936.49969,Bihar
18-12-2018,51217.86798,  Haryana
19-12-2018,54029.06625,Bihar
20-12-2018,57292.58242, Uttar Pradesh
21-12-2018,67614.12574,Bihar
24-12-2018,40588.66837, Rajasthan
26-12-2018,50723.66312,  Haryana
27-12-2018,49488.48351, Manipur
28-12-2018,47077.06448, Uttar Pradesh
31-12-2018,45927.33391,  Maharashtra
01-02-2019,47558.38517,  Maharashtra
01-03-2019,51298.63546, Punjab
01-04-2019,50952.42879, Uttar Pradesh
01-07-2019,50233.95266, Punjab
01-08-2019,49064.65123,  Haryana
01-09-2019,49340.65261, Uttar Pradesh
01-10-2019,46798.61109, Uttar Pradesh
01-11-2019,45544.59353,  Maharashtra
14-01-2019,44280.69557, Punjab
15-01-2019,45454.26273, Punjab
16-01-2019,46515.91126, Uttar Pradesh
17-01-2019,46360.32787,  Haryana
18-01-2019,49597.58059, Rajasthan
22-01-2019,48965.90651, Manipur
23-01-2019,47833.98374, Uttar Pradesh
24-01-2019,49184.44876, Punjab
25-01-2019,49462.61214,Bihar
28-01-2019,49485.25033, Manipur
29-01-2019,45895.20672,  Maharashtra
30-01-2019,50689.34799, Punjab
31-01-2019,54290.79112, Punjab
02-01-2019,48977.54588,  Maharashtra
02-04-2019,45891.50248,  Maharashtra
02-05-2019,47801.25521, Uttar Pradesh
02-06-2019,46684.04438,  Maharashtra
02-07-2019,48069.741, Manipur
02-08-2019,45853.24416, Uttar Pradesh
02-11-2019,43686.26787, Manipur
02-12-2019,46261.5391,Bihar
13-02-2019,45867.63565, Punjab
14-02-2019,46016.30146, Manipur
15-02-2019,47577.72588,  Haryana
19-02-2019,46088.39333, Punjab
20-02-2019,46932.61126, Uttar Pradesh
21-02-2019,46310.68991,  Maharashtra
22-02-2019,49280.42208,  Maharashtra
25-02-2019,48983.77282, Punjab
26-02-2019,48018.32983,  Haryana
27-02-2019,49303.0425, Rajasthan
28-02-2019,51737.70385,  Maharashtra
03-01-2019,49909.1174, Manipur
03-04-2019,50814.26965, Rajasthan
03-05-2019,46547.50262,Bihar
03-06-2019,47503.15779,  Haryana
03-07-2019,49625.49748,Bihar
03-08-2019,47549.44795, Punjab
03-11-2019,47417.9291, Rajasthan
03-12-2019,46600.64377, Rajasthan
13-03-2019,48777.65882,Bihar
14-03-2019,46892.43009, Punjab
15-03-2019,58752.53186, Manipur
18-03-2019,47980.62109, Punjab
19-03-2019,49577.41421, Manipur
20-03-2019,49641.01127,Bihar
21-03-2019,50028.09211,  Haryana
22-03-2019,50047.37755, Rajasthan
25-03-2019,46502.58057, Rajasthan
26-03-2019,45610.85397,  Haryana
27-03-2019,47371.61597,Bihar
28-03-2019,43842.33114, Manipur
29-03-2019,48081.07736, Uttar Pradesh
04-01-2019,47223.40521,  Maharashtra
04-02-2019,46078.73696, Manipur
04-03-2019,50096.20744, Rajasthan
04-04-2019,46396.5516,  Haryana
04-05-2019,46444.05236, Uttar Pradesh
04-08-2019,45558.20453,Bihar
04-09-2019,45593.85924, Uttar Pradesh
04-10-2019,44858.55548, Rajasthan
04-11-2019,44378.82378, Punjab
04-12-2019,44372.28865, Rajasthan
15-04-2019,42751.72511,Bihar
16-04-2019,45855.64306, Rajasthan
17-04-2019,48138.65391,Bihar
18-04-2019,46093.7089,  Maharashtra
22-04-2019,42320.08979, Uttar Pradesh
23-04-2019,45819.31907, Manipur
24-04-2019,45202.98663, Manipur
25-04-2019,45534.27281,  Maharashtra
26-04-2019,44525.94749,  Haryana
29-04-2019,42212.08358, Uttar Pradesh
30-04-2019,46171.96119,Bihar
05-01-2019,47681.65266,Bihar
05-02-2019,47026.90719, Uttar Pradesh
05-03-2019,45618.85575,  Maharashtra
05-06-2019,44493.25792, Uttar Pradesh
05-07-2019,48965.29383,Bihar
05-08-2019,47060.38674, Rajasthan
05-09-2019,50492.57371,  Haryana
05-10-2019,49208.43424, Manipur
13-05-2019,49847.96887, Rajasthan
14-05-2019,45860.00436,  Maharashtra
15-05-2019,44878.50265,  Haryana
16-05-2019,46569.51793, Punjab
17-05-2019,46651.68807,  Haryana
20-05-2019,46159.50606, Manipur
21-05-2019,44722.81297,  Maharashtra
22-05-2019,43412.67096, Rajasthan
23-05-2019,47650.0787,  Haryana
24-05-2019,41051.55295, Uttar Pradesh
28-05-2019,48769.56018, Manipur
29-05-2019,47771.53964, Uttar Pradesh
30-05-2019,43303.3486, Rajasthan
31-05-2019,47322.5105, Rajasthan
06-03-2019,50800.29527,Bihar
06-04-2019,48725.04489,  Maharashtra
06-05-2019,46252.45939,  Haryana
06-06-2019,45754.45334,Bihar
06-07-2019,45542.50762, Punjab
06-10-2019,45192.25597, Uttar Pradesh
06-11-2019,46055.94424,  Maharashtra
06-12-2019,44485.16607,  Maharashtra
13-06-2019,42992.5575, Punjab
14-06-2019,42524.93386,  Maharashtra
17-06-2019,44165.03142, Uttar Pradesh
18-06-2019,47439.96206,  Haryana
19-06-2019,45027.99129, Uttar Pradesh
20-06-2019,45915.6836,  Haryana
21-06-2019,53940.15202, Uttar Pradesh
24-06-2019,45535.37087, Punjab
25-06-2019,46179.54092,  Maharashtra
26-06-2019,46073.0941, Rajasthan
27-06-2019,45649.97262, Rajasthan
28-06-2019,64042.87626,  Haryana
07-01-2019,47106.58128, Uttar Pradesh
07-02-2019,44233.35845,Bihar
07-03-2019,39347.681,Bihar
07-05-2019,41118.12253, Manipur
07-08-2019,44239.80108, Punjab
07-09-2019,43260.02774,  Maharashtra
07-10-2019,45460.31236,Bihar
07-11-2019,44392.45431,Bihar
07-12-2019,42848.10381,Bihar
15-07-2019,42317.49047,Bihar
16-07-2019,44124.93626, Rajasthan
17-07-2019,43440.99446,  Haryana
18-07-2019,45428.95552,  Haryana
19-07-2019,43509.19443, Manipur
22-07-2019,43132.81813,  Maharashtra
23-07-2019,42954.04521,  Haryana
24-07-2019,44200.33937, Manipur
25-07-2019,45366.17683, Punjab
26-07-2019,44442.20967, Punjab
29-07-2019,43393.31746, Rajasthan
30-07-2019,43515.62938, Uttar Pradesh
31-07-2019,51761.27896, Rajasthan
08-01-2019,53060.53147, Punjab
08-02-2019,47566.26956, Uttar Pradesh
08-05-2019,51592.44131, Uttar Pradesh
08-06-2019,47091.61284,  Haryana
08-07-2019,49700.80482,Bihar
08-08-2019,49426.20762,Bihar
08-09-2019,47129.39635,  Haryana
08-12-2019,45485.38227,  Maharashtra
13-08-2019,48513.60634,Bihar
14-08-2019,50434.80941,  Haryana
15-08-2019,46806.08935, Manipur
16-08-2019,44930.05675, Punjab
19-08-2019,44118.47685,Bihar
20-08-2019,41841.72559,  Haryana
21-08-2019,41489.87828, Uttar Pradesh
22-08-2019,42199.05212,  Maharashtra
23-08-2019,47057.09298, Manipur
26-08-2019,41133.80605, Rajasthan
27-08-2019,43759.91316,  Haryana
28-08-2019,40785.41406, Rajasthan
29-08-2019,41276.62777, Rajasthan
30-08-2019,40842.50237, Manipur
09-03-2019,44031.57958,Bihar
09-04-2019,43517.12307, Manipur
09-05-2019,45920.58362, Manipur
09-06-2019,43344.31912, Manipur
09-09-2019,46761.73649, Uttar Pradesh
09-10-2019,48642.36836, Rajasthan
09-11-2019,48193.46429, Rajasthan
09-12-2019,47202.75416,  Maharashtra
13-09-2019,44548.51288, Rajasthan
16-09-2019,43319.04893, Punjab
17-09-2019,43096.98365, Uttar Pradesh
18-09-2019,45228.19917,  Haryana
19-09-2019,42643.05336, Punjab
20-09-2019,57993.36169, Manipur
23-09-2019,42210.78061,Bihar
24-09-2019,48072.23731, Punjab
25-09-2019,44967.54385, Punjab
26-09-2019,43431.67047, Uttar Pradesh
27-09-2019,45180.19478,  Maharashtra
30-09-2019,42532.92842,  Haryana
10-01-2019,47439.43507, Manipur
10-02-2019,50036.28683, Rajasthan
10-03-2019,46445.88249, Punjab
10-04-2019,41809.08992, Punjab
10-07-2019,41947.34795, Manipur
10-08-2019,44087.41317,Bihar
10-09-2019,39541.11784,Bihar
10-10-2019,42349.38016,Bihar
10-11-2019,46741.73724, Punjab
14-10-2019,37731.94933, Rajasthan
15-10-2019,42914.56629, Manipur
16-10-2019,43589.10414, Manipur
17-10-2019,43174.29791,  Maharashtra
18-10-2019,44944.63261, Uttar Pradesh
21-10-2019,41912.28937, Punjab
22-10-2019,43021.73869, Rajasthan
23-10-2019,42687.00036, Rajasthan
24-10-2019,43515.74428, Rajasthan
25-10-2019,43721.61937,  Maharashtra
28-10-2019,44270.98373, Rajasthan
29-10-2019,42926.91463, Manipur
30-10-2019,44000.68181,  Haryana
31-10-2019,47708.90902, Uttar Pradesh
11-01-2019,45512.08631,  Haryana
11-04-2019,46549.22126, Rajasthan
11-05-2019,48243.34151, Manipur
11-06-2019,48400.10331, Uttar Pradesh
11-07-2019,49027.33931, Manipur
11-08-2019,44521.23089,Bihar
11-11-2019,41464.4426,Bihar
11-12-2019,44737.45634, Uttar Pradesh
13-11-2019,46690.57721,  Maharashtra
14-11-2019,45976.51574,  Maharashtra
15-11-2019,46898.61405, Uttar Pradesh
18-11-2019,45312.91207, Manipur
19-11-2019,45760.57255,Bihar
20-11-2019,51076.21756, Uttar Pradesh
21-11-2019,45538.1159, Uttar Pradesh
22-11-2019,43424.9928,  Haryana
25-11-2019,47568.37185,Bihar
26-11-2019,49389.97874, Uttar Pradesh
27-11-2019,41815.3082, Uttar Pradesh
29-11-2019,33152.5263, Manipur
12-02-2019,47331.80749, Manipur
12-03-2019,48153.50455,  Maharashtra
12-04-2019,46463.6417,  Maharashtra
12-05-2019,46188.52671, Uttar Pradesh
12-06-2019,45354.38237,  Haryana
12-09-2019,46085.46409,  Maharashtra
12-10-2019,45373.56058,  Maharashtra
12-11-2019,44520.55705, Manipur
12-12-2019,48953.03872, Uttar Pradesh
13-12-2019,47112.94939, Uttar Pradesh
16-12-2019,48662.61399,  Maharashtra
17-12-2019,48810.34726, Manipur
18-12-2019,52367.26076, Uttar Pradesh
19-12-2019,49466.04896, Punjab
20-12-2019,61888.60961,  Haryana
23-12-2019,45040.75932, Manipur
24-12-2019,31851.68755, Uttar Pradesh
26-12-2019,40496.41959, Uttar Pradesh
27-12-2019,42822.19051, Uttar Pradesh
30-12-2019,45291.50031, Punjab
31-12-2019,46763.55418, Rajasthan
01-02-2020,53504.20544,  Maharashtra
01-03-2020,50857.84109,  Haryana
01-06-2020,53013.67748,Bihar
01-07-2020,48803.07367,  Maharashtra
01-08-2020,49725.4462,  Maharashtra
01-09-2020,50407.93588,  Maharashtra
01-10-2020,48814.95672,Bihar
13-01-2020,50366.85418,Bihar
14-01-2020,50528.80367, Punjab
15-01-2020,49428.93889,  Haryana
16-01-2020,48084.40496,  Haryana
17-01-2020,50423.60558, Rajasthan
21-01-2020,51832.51875, Manipur
22-01-2020,49543.71807, Punjab
23-01-2020,49657.32574, Uttar Pradesh
24-01-2020,51214.93923, Uttar Pradesh
27-01-2020,50930.44276, Punjab
28-01-2020,46572.73881, Manipur
29-01-2020,47271.76747,Bihar
30-01-2020,48429.02023,  Maharashtra
31-01-2020,51923.8866,  Haryana
02-03-2020,49267.83941,Bihar
02-04-2020,49470.59733, Punjab
02-05-2020,49701.50903,  Maharashtra
02-06-2020,48102.59868, Rajasthan
02-07-2020,47367.92163, Manipur
02-10-2020,46770.93114, Manipur
02-11-2020,49498.18178, Uttar Pradesh
02-12-2020,48646.78818, Rajasthan
13-02-2020,47485.47146, Uttar Pradesh
14-02-2020,47188.1341,Bihar
18-02-2020,47743.27178,Bihar
19-02-2020,49707.74588, Uttar Pradesh
20-02-2020,52399.71374, Punjab
21-02-2020,52441.96793, Uttar Pradesh
24-02-2020,56467.60133, Rajasthan
25-02-2020,59962.65504, Rajasthan
26-02-2020,59899.49916, Rajasthan
27-02-2020,67527.03162, Punjab
28-02-2020,72938.46722, Punjab
03-02-2020,65184.50736, Punjab
03-03-2020,65853.62556,  Haryana
03-04-2020,60288.9708, Uttar Pradesh
03-05-2020,61350.30562,Bihar
03-06-2020,65518.92856,Bihar
03-09-2020,67484.14629, Rajasthan
03-10-2020,66687.77999, Uttar Pradesh
03-11-2020,65594.28329, Rajasthan
03-12-2020,71409.73323,  Haryana
13-03-2020,68564.34934, Manipur
16-03-2020,67956.75095,  Maharashtra
17-03-2020,70144.2086,Bihar
18-03-2020,70249.55516, Manipur
19-03-2020,69126.62295,  Haryana
20-03-2020,72527.92566, Rajasthan
23-03-2020,65942.47493,Bihar
24-03-2020,66641.42856, Manipur
25-03-2020,68437.05137, Punjab
26-03-2020,63361.4236, Rajasthan
27-03-2020,63159.48068, Uttar Pradesh
30-03-2020,62215.51254, Rajasthan
31-03-2020,63866.73626,Bihar
04-01-2020,60827.9541, Punjab
04-02-2020,60184.46643,Bihar
04-03-2020,57395.64443, Uttar Pradesh
04-06-2020,62041.35717, Rajasthan
04-07-2020,63921.51438, Uttar Pradesh
04-08-2020,59054.55105, Manipur
04-09-2020,64385.24676,Bihar
13-04-2020,56432.79189, Rajasthan
14-04-2020,61379.23102, Punjab
15-04-2020,57861.21326, Manipur
16-04-2020,63700.86342, Uttar Pradesh
17-04-2020,65941.71669,Bihar
20-04-2020,61865.74173, Manipur
21-04-2020,61548.1925, Punjab
22-04-2020,55149.97733, Manipur
23-04-2020,61317.94191, Punjab
24-04-2020,60794.9011, Manipur
27-04-2020,60786.34715, Rajasthan
28-04-2020,61076.59126, Punjab
29-04-2020,66386.29377, Uttar Pradesh
30-04-2020,65845.72879, Uttar Pradesh
05-01-2020,61166.16712, Punjab
05-04-2020,58678.27537,  Maharashtra
05-05-2020,62718.01974, Uttar Pradesh
05-06-2020,60471.06746, Punjab
05-07-2020,61540.39324,  Haryana
05-08-2020,61754.59497, Punjab
05-11-2020,62653.41172, Uttar Pradesh
05-12-2020,65852.18296, Manipur
13-05-2020,65369.79425, Uttar Pradesh
14-05-2020,62975.94779,Bihar
15-05-2020,65120.58046, Rajasthan
18-05-2020,65892.48819, Punjab
19-05-2020,64757.62503,  Maharashtra
20-05-2020,65692.46532, Manipur
21-05-2020,61198.6111, Rajasthan
22-05-2020,60564.59362, Rajasthan
26-05-2020,66700.44977, Manipur
27-05-2020,67000.82089, Manipur
28-05-2020,64137.82036,  Maharashtra
29-05-2020,68864.28683,  Haryana
06-01-2020,62030.39577, Uttar Pradesh
06-02-2020,63167.08003, Manipur
06-03-2020,68403.43559,  Maharashtra
06-04-2020,78366.57451, Rajasthan
06-05-2020,81287.94499,  Maharashtra
06-08-2020,78723.1224, Rajasthan
06-09-2020,72934.55971,  Haryana
06-10-2020,71908.6921, Manipur
06-11-2020,72806.93648, Rajasthan
06-12-2020,66249.45283,Bihar
15-06-2020,66902.98947,  Haryana
16-06-2020,68332.42276, Manipur
17-06-2020,65419.41608, Uttar Pradesh
18-06-2020,65843.14695, Punjab
19-06-2020,78062.98739, Punjab
22-06-2020,67133.89606,  Maharashtra
23-06-2020,75862.83675,  Haryana
24-06-2020,74760.48421, Rajasthan
25-06-2020,69134.94051,  Maharashtra
26-06-2020,85494.91213,  Maharashtra
29-06-2020,65850.51253, Rajasthan
30-06-2020,67157.94815,Bihar
07-01-2020,68003.16169, Punjab
07-02-2020,63552.49798, Punjab
07-06-2020,67603.69812, Punjab
07-07-2020,65856.8903,  Maharashtra
07-08-2020,63483.93498,  Maharashtra
07-09-2020,63349.66456,  Maharashtra
07-10-2020,59476.97033, Punjab
13-07-2020,69655.43769, Manipur
14-07-2020,66796.48194,  Haryana
15-07-2020,68169.4213,  Haryana
16-07-2020,65404.587, Rajasthan
17-07-2020,66041.5021, Rajasthan
20-07-2020,65685.84322, Punjab
21-07-2020,73148.82091, Punjab
22-07-2020,64256.98406,  Haryana
23-07-2020,67093.51683, Uttar Pradesh
24-07-2020,65064.50645,Bihar
27-07-2020,65150.36454,Bihar
28-07-2020,62407.21112, Rajasthan
29-07-2020,63321.71823, Punjab
30-07-2020,64697.83613, Uttar Pradesh
31-07-2020,66623.79455,  Maharashtra
08-03-2020,64837.41204,  Maharashtra
08-04-2020,63376.0207, Manipur
08-05-2020,64503.79834,  Haryana
08-06-2020,64187.22614, Manipur
08-07-2020,65298.77487, Uttar Pradesh
08-10-2020,63627.19544, Punjab
08-11-2020,65816.18342, Punjab
08-12-2020,61198.28429, Uttar Pradesh
13-08-2020,58995.5083, Manipur
14-08-2020,59281.19432, Manipur
17-08-2020,56699.82363,  Haryana
18-08-2020,56820.68285, Uttar Pradesh
19-08-2020,59131.04092, Uttar Pradesh
20-08-2020,64924.03253, Punjab
21-08-2020,62684.04901, Rajasthan
24-08-2020,62508.47942,Bihar
25-08-2020,58951.50549, Manipur
26-08-2020,58919.60624, Rajasthan
27-08-2020,59560.05373, Punjab
28-08-2020,54890.61851, Rajasthan
31-08-2020,60100.33278, Rajasthan
09-01-2020,59254.19816, Rajasthan
09-02-2020,63105.94267, Uttar Pradesh
09-03-2020,66820.73032, Manipur
09-04-2020,65455.63383,  Haryana
09-08-2020,62493.35965,  Haryana
09-09-2020,59587.41478, Rajasthan
09-10-2020,61967.81423,Bihar
09-11-2020,60251.556, Manipur
14-09-2020,61135.99594,  Haryana
15-09-2020,61531.37411, Punjab
16-09-2020,60646.68169,Bihar
17-09-2020,61156.43875, Uttar Pradesh
18-09-2020,75888.66846,Bihar
21-09-2020,62457.74572,  Haryana
22-09-2020,59291.14605,  Maharashtra
23-09-2020,64010.31167, Uttar Pradesh
24-09-2020,63924.64314,  Maharashtra
25-09-2020,61524.54795, Uttar Pradesh
28-09-2020,59931.12714, Manipur
29-09-2020,58215.46186, Uttar Pradesh
30-09-2020,65273.50151, Uttar Pradesh
10-01-2020,63292.17961,  Maharashtra
10-02-2020,61086.0868, Rajasthan
10-05-2020,60199.00331, Rajasthan
10-06-2020,66264.31921,  Haryana
10-07-2020,62536.14955, Punjab
10-08-2020,59224.74145, Punjab
10-09-2020,59196.53706,  Haryana
10-12-2020,62330.00882,  Haryana
13-10-2020,60283.74574,  Maharashtra
14-10-2020,58398.71574, Manipur
15-10-2020,57665.15412, Punjab
16-10-2020,56275.92736, Manipur
19-10-2020,58969.56842,Bihar
20-10-2020,59245.59055,  Haryana
21-10-2020,58883.86876,  Haryana
22-10-2020,58600.68259, Manipur
23-10-2020,56085.38134, Punjab
26-10-2020,56613.60261, Manipur
27-10-2020,55720.46303,  Maharashtra
28-10-2020,62695.21513, Uttar Pradesh
29-10-2020,56957.79139, Uttar Pradesh
30-10-2020,60593.72905, Rajasthan
11-02-2020,56648.03615,  Haryana
11-03-2020,56714.90104, Manipur
11-04-2020,60172.75131,  Haryana
11-05-2020,62033.53932, Rajasthan
11-06-2020,64677.81691,  Maharashtra
11-09-2020,76576.10593,Bihar
11-10-2020,68822.67068,  Haryana
11-11-2020,62086.06929, Manipur
11-12-2020,62343.16322, Uttar Pradesh
13-11-2020,60450.22746,  Haryana
16-11-2020,64595.43328, Uttar Pradesh
17-11-2020,64381.9074,  Haryana
18-11-2020,68785.3182, Uttar Pradesh
19-11-2020,73383.85381, Punjab
20-11-2020,73150.32467, Manipur
23-11-2020,73981.41659, Punjab
24-11-2020,79621.47951,  Haryana
25-11-2020,66698.12591, Rajasthan
27-11-2020,58325.20896,  Haryana
30-11-2020,88093.07578,  Maharashtra
12-01-2020,80699.56629,Bihar
12-02-2020,72076.07093,  Maharashtra
12-03-2020,72180.19119, Punjab
12-04-2020,71322.50697, Uttar Pradesh
12-07-2020,69078.3613,  Maharashtra
12-08-2020,69350.41456, Rajasthan
12-09-2020,71891.93279,  Maharashtra
12-10-2020,67220.38381, Punjab
12-11-2020,65518.54699,  Maharashtra
14-12-2020,67021.8621,Bihar
15-12-2020,66510.52548, Manipur
16-12-2020,67769.46215, Uttar Pradesh
17-12-2020,70921.2944, Uttar Pradesh
18-12-2020,84414.45374, Manipur
21-12-2020,72061.50151,  Haryana
22-12-2020,76235.49042,  Maharashtra
23-12-2020,84262.9812, Punjab
24-12-2020,57497.47821, Uttar Pradesh
28-12-2020,71478.24844,  Maharashtra
29-12-2020,68752.59995, Uttar Pradesh
30-12-2020,73095.89592, Manipur
31-12-2020,69396.2535, Punjab
01-04-2021,81462.69085, Uttar Pradesh
01-05-2021,83497.66464, Punjab
01-06-2021,87691.96086, Uttar Pradesh
01-07-2021,82713.23957, Uttar Pradesh
01-08-2021,85377.92455, Manipur
01-11-2021,83429.43126, Rajasthan
01-12-2021,85229.51367, Uttar Pradesh
13-01-2021,84290.035,  Maharashtra
14-01-2021,82061.56226,Bihar
15-01-2021,80363.92225,  Maharashtra
19-01-2021,79359.05745,Bihar
20-01-2021,82589.28502, Uttar Pradesh
21-01-2021,85197.65255,Bihar
22-01-2021,77283.56876, Punjab
25-01-2021,84815.74146, Uttar Pradesh
26-01-2021,82762.31026, Uttar Pradesh
27-01-2021,107801.6234,  Haryana
28-01-2021,99796.14221,Bihar
29-01-2021,88725.7009, Punjab
02-01-2021,84217.1004,  Haryana
02-02-2021,85587.79119,Bihar
02-03-2021,86873.12588,  Haryana
02-04-2021,85412.93813,  Haryana
02-05-2021,82419.11186,  Maharashtra
02-08-2021,92544.74593,Bihar
02-09-2021,93631.03118,  Maharashtra
02-10-2021,103855.3321, Uttar Pradesh
02-11-2021,104483.3958, Punjab
02-12-2021,86121.65814,  Haryana
16-02-2021,87875.48008,  Haryana
17-02-2021,85325.84603,  Haryana
18-02-2021,80618.9804,  Maharashtra
19-02-2021,82084.22504, Uttar Pradesh
22-02-2021,80521.6741, Rajasthan
23-02-2021,86697.80851,  Maharashtra
24-02-2021,76721.77005, Manipur
25-02-2021,79939.85239, Punjab
26-02-2021,76851.2199, Punjab
03-01-2021,71270.82152,Bihar
03-02-2021,70343.01671,  Maharashtra
03-03-2021,74363.8353,Bihar
03-04-2021,88681.33964,Bihar
03-05-2021,87893.11691, Punjab
03-08-2021,77525.67317,  Maharashtra
03-09-2021,79659.02334,  Maharashtra
03-10-2021,77613.65859, Rajasthan
03-11-2021,77516.77238, Manipur
03-12-2021,74143.17231, Punjab
15-03-2021,77281.11024, Uttar Pradesh
16-03-2021,74120.77981, Punjab
17-03-2021,74405.04015, Manipur
18-03-2021,75760.9398,  Maharashtra
19-03-2021,87353.24837, Manipur
22-03-2021,72950.3941,  Haryana
23-03-2021,75332.66224,  Maharashtra
24-03-2021,79048.40289,  Haryana
25-03-2021,75061.90778, Manipur
26-03-2021,72279.73437,  Haryana
29-03-2021,70463.39475,  Maharashtra
30-03-2021,68716.44636,  Haryana
31-03-2021,70744.04569,Bihar
04-01-2021,67649.68588, Punjab
04-05-2021,66775.7441, Uttar Pradesh
04-06-2021,63825.62181, Punjab
04-07-2021,64021.40267,Bihar
04-08-2021,64448.429, Uttar Pradesh
04-09-2021,62658.67857,Bihar
04-12-2021,65198.92637,  Maharashtra
13-04-2021,64956.6009,  Haryana
14-04-2021,64193.22394, Uttar Pradesh
15-04-2021,66384.3355,Bihar
16-04-2021,66541.56596, Manipur
19-04-2021,66178.62193, Rajasthan
20-04-2021,65154.58541, Manipur
21-04-2021,63242.54897, Rajasthan
22-04-2021,66489.24725, Rajasthan
23-04-2021,65993.18147, Punjab
26-04-2021,67128.30997,Bihar
27-04-2021,68494.23333, Uttar Pradesh
28-04-2021,67525.62477,  Haryana
29-04-2021,70199.92877, Punjab
30-04-2021,69227.59565, Manipur
05-03-2021,69003.11587,Bihar
05-04-2021,76679.39749, Punjab
05-05-2021,67347.53151, Manipur
05-06-2021,70861.8374,  Maharashtra
05-07-2021,66265.37557, Rajasthan
05-10-2021,69416.64066, Rajasthan
05-11-2021,68835.96444, Uttar Pradesh
05-12-2021,68941.49694, Rajasthan
13-05-2021,68542.76038,  Haryana
14-05-2021,63424.04907,  Haryana
17-05-2021,63228.00013,Bihar
18-05-2021,65584.2969, Rajasthan
19-05-2021,65829.47668, Manipur
20-05-2021,63172.46236,  Maharashtra
21-05-2021,61105.97352, Uttar Pradesh
24-05-2021,59240.77987,  Maharashtra
25-05-2021,64257.21749, Uttar Pradesh
26-05-2021,65303.13928, Punjab
27-05-2021,71324.46985, Punjab
28-05-2021,66692.87818,  Haryana
06-01-2021,64701.4683, Punjab
06-02-2021,71397.68904, Punjab
06-03-2021,73459.17233, Rajasthan
06-04-2021,66035.67218, Punjab
06-07-2021,68111.74642, Uttar Pradesh
06-08-2021,77190.73779, Manipur
06-09-2021,75103.19567,  Maharashtra
06-10-2021,70141.85626,Bihar
06-11-2021,64479.299,  Maharashtra
14-06-2021,66446.67035,  Haryana
15-06-2021,67487.6285, Rajasthan
16-06-2021,68432.66764, Uttar Pradesh
17-06-2021,67515.03536,  Haryana
18-06-2021,78269.21489,  Maharashtra
21-06-2021,67542.65319,  Maharashtra
22-06-2021,66581.82935,  Maharashtra
23-06-2021,66464.05043,  Haryana
24-06-2021,65761.84304,Bihar
25-06-2021,86418.11153, Uttar Pradesh
28-06-2021,65444.63309, Rajasthan
29-06-2021,70009.2851,Bihar
30-06-2021,72758.57338, Manipur
07-01-2021,66411.36951,  Maharashtra
07-02-2021,61248.83672, Uttar Pradesh
07-06-2021,67004.02973, Uttar Pradesh
07-07-2021,67864.79205,  Haryana
07-08-2021,67638.82021,  Maharashtra
07-09-2021,61858.70998,Bihar
07-12-2021,62426.67699,  Haryana
13-07-2021,67701.25553,  Haryana
14-07-2021,67053.85895,  Haryana
15-07-2021,67175.51637,Bihar
16-07-2021,63792.86794,Bihar
19-07-2021,67358.22147, Rajasthan
20-07-2021,68208.87039, Rajasthan
21-07-2021,64019.68447,  Maharashtra
22-07-2021,59979.4965,  Maharashtra
23-07-2021,63223.80881,Bihar
26-07-2021,66611.4855,Bihar
27-07-2021,65796.88442,  Haryana
28-07-2021,65331.53909, Manipur
29-07-2021,62678.86406, Rajasthan
30-07-2021,60374.24948,  Haryana
08-02-2021,61205.637,  Haryana
08-03-2021,64353.47698, Uttar Pradesh
08-04-2021,65858.40873, Manipur
08-05-2021,64088.22045,Bihar
08-06-2021,64599.4582, Punjab
08-09-2021,64122.07108,  Maharashtra
08-10-2021,63180.45584,  Maharashtra
08-11-2021,63264.04982,Bihar
08-12-2021,63631.75308, Uttar Pradesh
13-08-2021,63726.52509, Punjab
16-08-2021,63039.03553, Manipur
17-08-2021,64566.86457, Punjab
18-08-2021,61982.5782, Rajasthan
19-08-2021,64741.71762, Punjab
20-08-2021,62340.51652,Bihar
23-08-2021,62504.23986, Rajasthan
24-08-2021,61723.17231, Rajasthan
25-08-2021,60449.56576, Rajasthan
26-08-2021,60256.94981, Manipur
27-08-2021,63628.6885, Uttar Pradesh
30-08-2021,63731.93862,Bihar
31-08-2021,64714.91327, Uttar Pradesh
09-01-2021,65358.16705,  Haryana
09-02-2021,63643.61712,  Maharashtra
09-03-2021,60885.05564,  Haryana
09-07-2021,63358.10919, Punjab
09-08-2021,64277.21214,Bihar
09-09-2021,63491.25924,  Maharashtra
09-10-2021,67728.50212, Manipur
13-09-2021,68726.7779, Rajasthan
14-09-2021,67772.70837,Bihar
15-09-2021,66821.70306, Rajasthan
16-09-2021,60839.95398, Manipur
17-09-2021,81911.78181,Bihar
20-09-2021,69853.34638,  Haryana
21-09-2021,63898.43504, Rajasthan
22-09-2021,65211.11868,  Maharashtra
23-09-2021,64777.5424, Rajasthan
24-09-2021,63183.46303,  Maharashtra
27-09-2021,68196.7008,Bihar
28-09-2021,70636.46367, Rajasthan
29-09-2021,72764.00209, Punjab
30-09-2021,77142.40079, Rajasthan
10-01-2021,68634.68511, Rajasthan
10-04-2021,67506.37007,  Haryana
10-05-2021,64624.99516, Manipur
10-06-2021,66827.46441,  Haryana
10-07-2021,63120.36122, Punjab
10-08-2021,59761.02409,  Maharashtra
10-11-2021,59494.03331,  Maharashtra
10-12-2021,63748.17644, Uttar Pradesh
13-10-2021,63667.73123,  Maharashtra
14-10-2021,65287.05844,  Maharashtra
15-10-2021,67040.58472,  Maharashtra
18-10-2021,64558.03591, Manipur
19-10-2021,66958.19591, Manipur
20-10-2021,64164.24238,Bihar
21-10-2021,70440.47132, Punjab
22-10-2021,75998.48683,Bihar
25-10-2021,75830.07319,  Maharashtra
26-10-2021,84694.92311, Punjab
27-10-2021,78295.019, Uttar Pradesh
28-10-2021,75596.89147, Manipur
29-10-2021,73063.60243, Rajasthan
11-01-2021,72621.96637,Bihar
11-02-2021,71619.62022,  Haryana
11-03-2021,72973.3513,  Maharashtra
11-04-2021,72782.20936, Uttar Pradesh
11-05-2021,74608.31053,  Haryana
11-08-2021,75654.80818,  Maharashtra
11-09-2021,74663.64577, Punjab
11-10-2021,73274.21102, Punjab
11-11-2021,67605.17732, Punjab
11-12-2021,73800.6775, Uttar Pradesh
15-11-2021,70853.22858, Uttar Pradesh
16-11-2021,74384.27253, Punjab
17-11-2021,71058.56739,  Maharashtra
18-11-2021,73425.881, Uttar Pradesh
19-11-2021,69823.42014,Bihar
22-11-2021,74617.8933,Bihar
23-11-2021,73718.2474, Uttar Pradesh
24-11-2021,64784.95196,Bihar
26-11-2021,59179.13484, Uttar Pradesh
29-11-2021,69543.00828, Rajasthan
30-11-2021,81433.83818, Manipur
12-01-2021,79500.06289, Rajasthan
12-02-2021,73609.3744, Manipur
12-03-2021,76813.34519, Uttar Pradesh
12-06-2021,71520.83612,Bihar
12-07-2021,71529.6442, Rajasthan
12-08-2021,67936.66168,  Haryana
12-09-2021,67198.21426, Uttar Pradesh
12-10-2021,66529.76777,  Haryana
13-12-2021,67630.76223,Bihar
14-12-2021,69756.64843, Punjab
15-12-2021,73102.12035,  Haryana
16-12-2021,70046.27042, Manipur
17-12-2021,87571.51363,  Maharashtra
20-12-2021,67842.75938,  Haryana
21-12-2021,67688.40373, Punjab
22-12-2021,64092.90132,  Haryana
23-12-2021,62729.65806, Uttar Pradesh
27-12-2021,61187.58044,Bihar
28-12-2021,60402.8145, Rajasthan
29-12-2021,60945.71355, Punjab
30-12-2021,61244.75488, Rajasthan
31-12-2021,58245.85822, Rajasthan
01-03-2022,66557.94468, Punjab
01-04-2022,71631.7667, Rajasthan
01-05-2022,70935.53411,Bihar
01-06-2022,69215.74965,  Maharashtra
01-07-2022,65100.46083,  Maharashtra
01-10-2022,72918.99615, Punjab
01-11-2022,66262.4328, Manipur
